INSERT INTO TBL_R_ROLES (ID_ROLE, CREATED_AT, IS_ACTIVE, UPDATED_AT, USER_STAMP, CODE, NAME) VALUES (1, TO_TIMESTAMP('2018-11-09 13:24:07.337000', 'YYYY-MM-DD HH24:MI:SS.FF6'), 1, TO_TIMESTAMP('2018-11-09 13:24:07.337000', 'YYYY-MM-DD HH24:MI:SS.FF6'), null, 'ROLE_ADMIN', 'Admin');
INSERT INTO TBL_R_ROLES (ID_ROLE, CREATED_AT, IS_ACTIVE, UPDATED_AT, USER_STAMP, CODE, NAME) VALUES (43, TO_TIMESTAMP('2018-11-09 15:38:44.708000', 'YYYY-MM-DD HH24:MI:SS.FF6'), 1, TO_TIMESTAMP('2018-11-09 15:38:44.708000', 'YYYY-MM-DD HH24:MI:SS.FF6'), null, 'ROLE_STAFF', 'Staff');
INSERT INTO TBL_R_ROLES (ID_ROLE, CREATED_AT, IS_ACTIVE, UPDATED_AT, USER_STAMP, CODE, NAME) VALUES (44, TO_TIMESTAMP('2018-11-09 15:38:44.708000', 'YYYY-MM-DD HH24:MI:SS.FF6'), 1, TO_TIMESTAMP('2018-11-09 15:38:44.708000', 'YYYY-MM-DD HH24:MI:SS.FF6'), null, 'ROLE_PEJABAT', 'Pejabat');

INSERT INTO TBL_R_USERS (ID_USER, CREATED_AT, IS_ACTIVE, UPDATED_AT, USER_STAMP, CONFIRMATION_KEY, EMAIL, LAST_LOGIN, LAST_LOGIN_IP, LOGIN_RETRY_COUNT, NAME, PASSWORD, USERNAME) VALUES (3, TO_TIMESTAMP('2018-11-09 13:24:08.521000', 'YYYY-MM-DD HH24:MI:SS.FF6'), 1, TO_TIMESTAMP('2018-11-10 08:38:38.848000', 'YYYY-MM-DD HH24:MI:SS.FF6'), null, null, 'admin@com', TO_TIMESTAMP('2018-11-10 08:38:38.844000', 'YYYY-MM-DD HH24:MI:SS.FF6'), null, 0, 'Pejabat', '$2a$11$YI8/eRazEkpKSiN1nsNpK.gDYWF55iKxcngw9Ez7q4/fWvErjqgPO', 'Pejabat');
INSERT INTO TBL_R_USERS (ID_USER, CREATED_AT, IS_ACTIVE, UPDATED_AT, USER_STAMP, CONFIRMATION_KEY, EMAIL, LAST_LOGIN, LAST_LOGIN_IP, LOGIN_RETRY_COUNT, NAME, PASSWORD, USERNAME) VALUES (1, TO_TIMESTAMP('2018-11-09 13:24:08.521000', 'YYYY-MM-DD HH24:MI:SS.FF6'), 1, TO_TIMESTAMP('2018-11-23 16:11:19.044000', 'YYYY-MM-DD HH24:MI:SS.FF6'), null, null, 'admin@com', TO_TIMESTAMP('2018-11-23 16:11:19.041000', 'YYYY-MM-DD HH24:MI:SS.FF6'), '36.72.188.190', 0, 'Admin', '$2a$11$YI8/eRazEkpKSiN1nsNpK.gDYWF55iKxcngw9Ez7q4/fWvErjqgPO', 'Admin');
INSERT INTO TBL_R_USERS (ID_USER, CREATED_AT, IS_ACTIVE, UPDATED_AT, USER_STAMP, CONFIRMATION_KEY, EMAIL, LAST_LOGIN, LAST_LOGIN_IP, LOGIN_RETRY_COUNT, NAME, PASSWORD, USERNAME) VALUES (2, TO_TIMESTAMP('2018-11-09 13:24:08.521000', 'YYYY-MM-DD HH24:MI:SS.FF6'), 1, TO_TIMESTAMP('2018-11-22 13:51:57.490000', 'YYYY-MM-DD HH24:MI:SS.FF6'), null, null, 'admin@com', TO_TIMESTAMP('2018-11-22 13:51:57.486000', 'YYYY-MM-DD HH24:MI:SS.FF6'), '172.16.1.1', 0, 'Staff', '$2a$11$YI8/eRazEkpKSiN1nsNpK.gDYWF55iKxcngw9Ez7q4/fWvErjqgPO', 'Staff');

INSERT INTO TBL_R_USER_ROLE (ID_USER, ID_ROLE) VALUES (1, 1);
INSERT INTO TBL_R_USER_ROLE (ID_USER, ID_ROLE) VALUES (2, 43);
INSERT INTO TBL_R_USER_ROLE (ID_USER, ID_ROLE) VALUES (3, 44);

INSERT INTO TBL_R_MENU_ROLE (ID_MENU, ID_ROLE) VALUES (1, 1);
INSERT INTO TBL_R_MENU_ROLE (ID_MENU, ID_ROLE) VALUES (2, 1);
INSERT INTO TBL_R_MENU_ROLE (ID_MENU, ID_ROLE) VALUES (3, 1);
INSERT INTO TBL_R_MENU_ROLE (ID_MENU, ID_ROLE) VALUES (4, 1);
INSERT INTO TBL_R_MENU_ROLE (ID_MENU, ID_ROLE) VALUES (5, 1);
INSERT INTO TBL_R_MENU_ROLE (ID_MENU, ID_ROLE) VALUES (6, 1);
INSERT INTO TBL_R_MENU_ROLE (ID_MENU, ID_ROLE) VALUES (7, 1);
INSERT INTO TBL_R_MENU_ROLE (ID_MENU, ID_ROLE) VALUES (8, 1);
INSERT INTO TBL_R_MENU_ROLE (ID_MENU, ID_ROLE) VALUES (9, 1);
INSERT INTO TBL_R_MENU_ROLE (ID_MENU, ID_ROLE) VALUES (10, 1);
INSERT INTO TBL_R_MENU_ROLE (ID_MENU, ID_ROLE) VALUES (11, 1);
INSERT INTO TBL_R_MENU_ROLE (ID_MENU, ID_ROLE) VALUES (12, 1);
INSERT INTO TBL_R_MENU_ROLE (ID_MENU, ID_ROLE) VALUES (13, 1);
INSERT INTO TBL_R_MENU_ROLE (ID_MENU, ID_ROLE) VALUES (14, 1);
INSERT INTO TBL_R_MENU_ROLE (ID_MENU, ID_ROLE) VALUES (15, 1);
INSERT INTO TBL_R_MENU_ROLE (ID_MENU, ID_ROLE) VALUES (16, 1);
INSERT INTO TBL_R_MENU_ROLE (ID_MENU, ID_ROLE) VALUES (17, 1);
INSERT INTO TBL_R_MENU_ROLE (ID_MENU, ID_ROLE) VALUES (18, 1);
INSERT INTO TBL_R_MENU_ROLE (ID_MENU, ID_ROLE) VALUES (19, 1);
INSERT INTO TBL_R_MENU_ROLE (ID_MENU, ID_ROLE) VALUES (20, 1);
INSERT INTO TBL_R_MENU_ROLE (ID_MENU, ID_ROLE) VALUES (21, 1);
INSERT INTO TBL_R_MENU_ROLE (ID_MENU, ID_ROLE) VALUES (22, 1);
INSERT INTO TBL_R_MENU_ROLE (ID_MENU, ID_ROLE) VALUES (23, 1);
INSERT INTO TBL_R_MENU_ROLE (ID_MENU, ID_ROLE) VALUES (24, 1);
INSERT INTO TBL_R_MENU_ROLE (ID_MENU, ID_ROLE) VALUES (25, 1);
INSERT INTO TBL_R_MENU_ROLE (ID_MENU, ID_ROLE) VALUES (26, 1);
INSERT INTO TBL_R_MENU_ROLE (ID_MENU, ID_ROLE) VALUES (27, 1);
INSERT INTO TBL_R_MENU_ROLE (ID_MENU, ID_ROLE) VALUES (28, 1);
INSERT INTO TBL_R_MENU_ROLE (ID_MENU, ID_ROLE) VALUES (29, 1);
INSERT INTO TBL_R_MENU_ROLE (ID_MENU, ID_ROLE) VALUES (30, 1);
INSERT INTO TBL_R_MENU_ROLE (ID_MENU, ID_ROLE) VALUES (31, 1);
INSERT INTO TBL_R_MENU_ROLE (ID_MENU, ID_ROLE) VALUES (32, 1);
INSERT INTO TBL_R_MENU_ROLE (ID_MENU, ID_ROLE) VALUES (33, 1);
INSERT INTO TBL_R_MENU_ROLE (ID_MENU, ID_ROLE) VALUES (34, 1);
INSERT INTO TBL_R_MENU_ROLE (ID_MENU, ID_ROLE) VALUES (35, 1);
INSERT INTO TBL_R_MENU_ROLE (ID_MENU, ID_ROLE) VALUES (36, 1);
INSERT INTO TBL_R_MENU_ROLE (ID_MENU, ID_ROLE) VALUES (37, 1);
INSERT INTO TBL_R_MENU_ROLE (ID_MENU, ID_ROLE) VALUES (38, 1);
INSERT INTO TBL_R_MENU_ROLE (ID_MENU, ID_ROLE) VALUES (39, 1);
INSERT INTO TBL_R_MENU_ROLE (ID_MENU, ID_ROLE) VALUES (40, 1);
INSERT INTO TBL_R_MENU_ROLE (ID_MENU, ID_ROLE) VALUES (41, 1);
INSERT INTO TBL_R_MENU_ROLE (ID_MENU, ID_ROLE) VALUES (42, 1);
INSERT INTO TBL_R_MENU_ROLE (ID_MENU, ID_ROLE) VALUES (43, 1);
INSERT INTO TBL_R_MENU_ROLE (ID_MENU, ID_ROLE) VALUES (44, 1);
INSERT INTO TBL_R_MENU_ROLE (ID_MENU, ID_ROLE) VALUES (45, 1);
INSERT INTO TBL_R_MENU_ROLE (ID_MENU, ID_ROLE) VALUES (46, 1);
INSERT INTO TBL_R_MENU_ROLE (ID_MENU, ID_ROLE) VALUES (47, 1);
INSERT INTO TBL_R_MENU_ROLE (ID_MENU, ID_ROLE) VALUES (48, 1);
INSERT INTO TBL_R_MENU_ROLE (ID_MENU, ID_ROLE) VALUES (49, 1);
INSERT INTO TBL_R_MENU_ROLE (ID_MENU, ID_ROLE) VALUES (50, 1);
INSERT INTO TBL_R_MENU_ROLE (ID_MENU, ID_ROLE) VALUES (51, 1);
INSERT INTO TBL_R_MENU_ROLE (ID_MENU, ID_ROLE) VALUES (52, 1);
INSERT INTO TBL_R_MENU_ROLE (ID_MENU, ID_ROLE) VALUES (53, 1);
INSERT INTO TBL_R_MENU_ROLE (ID_MENU, ID_ROLE) VALUES (54, 1);
INSERT INTO TBL_R_MENU_ROLE (ID_MENU, ID_ROLE) VALUES (55, 1);
INSERT INTO TBL_R_MENU_ROLE (ID_MENU, ID_ROLE) VALUES (56, 1);
INSERT INTO TBL_R_MENU_ROLE (ID_MENU, ID_ROLE) VALUES (57, 1);
INSERT INTO TBL_R_MENU_ROLE (ID_MENU, ID_ROLE) VALUES (58, 1);
INSERT INTO TBL_R_MENU_ROLE (ID_MENU, ID_ROLE) VALUES (59, 1);
INSERT INTO TBL_R_MENU_ROLE (ID_MENU, ID_ROLE) VALUES (60, 1);
INSERT INTO TBL_R_MENU_ROLE (ID_MENU, ID_ROLE) VALUES (61, 1);
INSERT INTO TBL_R_MENU_ROLE (ID_MENU, ID_ROLE) VALUES (62, 1);
INSERT INTO TBL_R_MENU_ROLE (ID_MENU, ID_ROLE) VALUES (63, 1);
INSERT INTO TBL_R_MENU_ROLE (ID_MENU, ID_ROLE) VALUES (64, 1);
INSERT INTO TBL_R_MENU_ROLE (ID_MENU, ID_ROLE) VALUES (65, 1);
INSERT INTO TBL_R_MENU_ROLE (ID_MENU, ID_ROLE) VALUES (66, 1);
INSERT INTO TBL_R_MENU_ROLE (ID_MENU, ID_ROLE) VALUES (67, 1);
INSERT INTO TBL_R_MENU_ROLE (ID_MENU, ID_ROLE) VALUES (68, 1);
INSERT INTO TBL_R_MENU_ROLE (ID_MENU, ID_ROLE) VALUES (69, 1);
INSERT INTO TBL_R_MENU_ROLE (ID_MENU, ID_ROLE) VALUES (70, 1);
INSERT INTO TBL_R_MENU_ROLE (ID_MENU, ID_ROLE) VALUES (71, 1);
INSERT INTO TBL_R_MENU_ROLE (ID_MENU, ID_ROLE) VALUES (72, 1);
INSERT INTO TBL_R_MENU_ROLE (ID_MENU, ID_ROLE) VALUES (73, 1);
INSERT INTO TBL_R_MENU_ROLE (ID_MENU, ID_ROLE) VALUES (74, 1);
INSERT INTO TBL_R_MENU_ROLE (ID_MENU, ID_ROLE) VALUES (75, 1);
INSERT INTO TBL_R_MENU_ROLE (ID_MENU, ID_ROLE) VALUES (76, 1);
INSERT INTO TBL_R_MENU_ROLE (ID_MENU, ID_ROLE) VALUES (1, 43);
INSERT INTO TBL_R_MENU_ROLE (ID_MENU, ID_ROLE) VALUES (2, 43);
INSERT INTO TBL_R_MENU_ROLE (ID_MENU, ID_ROLE) VALUES (3, 43);
INSERT INTO TBL_R_MENU_ROLE (ID_MENU, ID_ROLE) VALUES (4, 43);
INSERT INTO TBL_R_MENU_ROLE (ID_MENU, ID_ROLE) VALUES (5, 43);
INSERT INTO TBL_R_MENU_ROLE (ID_MENU, ID_ROLE) VALUES (6, 43);
INSERT INTO TBL_R_MENU_ROLE (ID_MENU, ID_ROLE) VALUES (7, 43);
INSERT INTO TBL_R_MENU_ROLE (ID_MENU, ID_ROLE) VALUES (8, 43);
INSERT INTO TBL_R_MENU_ROLE (ID_MENU, ID_ROLE) VALUES (9, 43);
INSERT INTO TBL_R_MENU_ROLE (ID_MENU, ID_ROLE) VALUES (10, 43);
INSERT INTO TBL_R_MENU_ROLE (ID_MENU, ID_ROLE) VALUES (11, 43);
INSERT INTO TBL_R_MENU_ROLE (ID_MENU, ID_ROLE) VALUES (12, 43);
INSERT INTO TBL_R_MENU_ROLE (ID_MENU, ID_ROLE) VALUES (13, 43);
INSERT INTO TBL_R_MENU_ROLE (ID_MENU, ID_ROLE) VALUES (14, 43);
INSERT INTO TBL_R_MENU_ROLE (ID_MENU, ID_ROLE) VALUES (15, 43);
INSERT INTO TBL_R_MENU_ROLE (ID_MENU, ID_ROLE) VALUES (1, 44);
INSERT INTO TBL_R_MENU_ROLE (ID_MENU, ID_ROLE) VALUES (2, 44);
INSERT INTO TBL_R_MENU_ROLE (ID_MENU, ID_ROLE) VALUES (3, 44);
INSERT INTO TBL_R_MENU_ROLE (ID_MENU, ID_ROLE) VALUES (4, 44);
INSERT INTO TBL_R_MENU_ROLE (ID_MENU, ID_ROLE) VALUES (5, 44);
INSERT INTO TBL_R_MENU_ROLE (ID_MENU, ID_ROLE) VALUES (6, 44);
INSERT INTO TBL_R_MENU_ROLE (ID_MENU, ID_ROLE) VALUES (7, 44);
INSERT INTO TBL_R_MENU_ROLE (ID_MENU, ID_ROLE) VALUES (8, 44);
INSERT INTO TBL_R_MENU_ROLE (ID_MENU, ID_ROLE) VALUES (9, 44);
INSERT INTO TBL_R_MENU_ROLE (ID_MENU, ID_ROLE) VALUES (10, 44);
INSERT INTO TBL_R_MENU_ROLE (ID_MENU, ID_ROLE) VALUES (11, 44);
INSERT INTO TBL_R_MENU_ROLE (ID_MENU, ID_ROLE) VALUES (12, 44);
INSERT INTO TBL_R_MENU_ROLE (ID_MENU, ID_ROLE) VALUES (13, 44);
INSERT INTO TBL_R_MENU_ROLE (ID_MENU, ID_ROLE) VALUES (14, 44);
INSERT INTO TBL_R_MENU_ROLE (ID_MENU, ID_ROLE) VALUES (15, 44);

